comments,4
go,1
whose,1
william,2
granting,1
effort,1
tweet,1
father,1
to,14
“he’s,2
judge’s,1
lawmakers,1
division,1
end,1
affect,1
uncomfortable,1
duffy,1
school,1
commenter,1
democrat,1
damning,1
race,1
delegate,1
provider's,1
barbara,1
undercover,1
import”,1
be,1
injunction,1
built-in,1
second,1
preordained,1
lawyer,2
“plays,1
even,1
what,1
chicago,1
while,1
malleable,1
current,2
new,3
nicholas,1
officially,1
public,3
told,3
million,1
reporter,1
never,1
met,1
let,3
others,1
alone,1
obtained,1
substance,1
receive,1
kerry”,1
employees,1
experience,2
prior,1
clara,1
apt,1
brought,1
bundlers,1
from,4
would,3
impartiality,1
bundler,2
few,1
obama'”,1
he’s,2
assessment,1
reflects,2
more,6
teen,1
kerry,3
brings,1
cooperate,1
serve”,1
cases,2
coblentz,1
iii,1
appointed,1
me,1
room,3
this,1
abortion,1
rulings,2
believes,2
reviews,1
values,1
can,1
9th,1
fundraisers”,1
my,3
prompt,1
trump,2
in,19
court,2
1,1
courtroom”,1
inside”,1
attend,1
may,1
after,2
reflect,1
ties,1
law,2
nomination,1
a,30
preferential,1
acknowledged,1
think,2
so,1
democratic,5
order,1
don't,1
over,3
years,3
personnel”,1
directs,1
shake,1
argued,2
blocked,2
anonymously,1
orrick’s,1
group,3
he's,2
personal,1
2013,1
them,1
somebody,1
views,1
obama's,1
records,1
not,4
videotapes,1
presidential,1
term,1
attorneys,3
kaizer,3
january,1
each,1
went,1
doing,1
house,1
wednesday,1
our,1
really,1
funding,1
network,1
robert,1
since,1
activist,3
longtime,1
got,1
we’re,1
calif,1
announced,1
wasn’t,1
attended,1
bass,1
assured,1
yale,1
campaigns,1
california,3
york,1
wanted,1
enormous,1
dubbed,1
determining,1
could,1
area,1
place,1
100000,1
circuit,1
childhood,1
first,2
organize,1
feel,2
one,7
president,5
anonymity,1
mcinerney,2
story,1
district,4
their,1
least,1
attach,1
convention,3
white,1
john,1
appointees,1
that,9
“effectively,1
believe,1
than,1
obama,4
kind,1
15,1
database,1
likely,1
individual,1
outcome,1
and,17
san,4
outstanding,1
boston,1
say,1
have,4
seek,1
dozen,1
1968,2
there’s,1
-,1
also,2
which,1
orrick ,1
orrick,17
“posters,1
added,1
who,6
most,1
medical,1
definitely,2
professional,1
latest,2
notion,1
saying,3
thomas,1
sanctuary,2
bias”,1
contacted,1
“there,1
“the,2
litigation,1
judges,5
based,2
quoted,1
northern,3
justice,3
credited,1
state,1
going,1
robing,3
'lawyers,1
200000,1
his,7
get,1
“if,1
counsel”,1
ones,1
report,1
him,2
earn,1
left-wing,1
patch,1
fair,1
national,1
officials,1
college,1
are,3
sen,1
“became,1
said,5
federal,5
outside,1
progress,1
before,3
conditions,1
recently,1
august,1
nationwide,2
interfere,1
job,1
quaint,1
analyzed,1
news,1
cities,3
blasted,1
both,1
reviewers”,1
many,1
according,3
contract,1
called,1
became,1
planned,1
tuesday,2
63,1
it’s,2
agree,1
addition,1
liberal-leaning,1
political,2
been,2
whom,1
assassinated,1
4,1
firm,2
life,1
shopping,1
hard-core,1
releasing,1
general,1
case,2
publicly,1
tastes,1
will,3
near,1
leaning,1
is,9
it,3
helped,1
wins”,1
riotous,1
if,1
confirmed,1
administration,4
obama’s,1
results-oriented,1
several,2
trump's,1
lawyers,1
contractors,1
judgment,1
expand,1
complained,1
center,1
party’s,1
i,4
well,2
anybody,1
fighting,1
boxer,2
landmark,1
position,1
the,43
charged,1
just,1
money,1
accurate,2
executive,1
front,1
openly,2
questions,1
reviewer,1
flavor,1
yet,1
old ,1
candidate,2
conclusions,1
regarded,1
had,2
recommending,1
bench,3
blog,1
treatment,1
citizen,2
5,1
struck,1
has,4
predetermined,1
private,1
judge,8
amp,1
paint,1
prominent,1
like,1
success,1
kennedy,1
francisco-based,1
attorney,3
because,1
picture,1
draw,1
authority,1
sectors”,1
for,13
decision,1
fox,1
legal,2
critical,1
recorder,4
core,1
buttressed,1
santa,1
post,2
by,5
earlier,1
on,12
about,3
of,27
months,2
anomalous,1
lacked,1
or,4
seeing,1
raised,3
contains,1
civil,1
into,1
d-calif,1
two,2
down,1
watchdog,1
“i,2
spending,1
crackdown,1
suit,1
was,8
withholding,2
form,1
funds,1
immigration,1
but,3
with,8
raising,1
he,12
made,2
glory,1
barring,1
ruling,2
site,1
politically,1
beliefs,1
liberal,2
steeped,1
moved,1
deep,1
an,6
as,7
at,3
politics,4
us,1
no,3
when,3
other,2
role,1
department,1
you,3
“william,1
requested,1
“social,1
francisco,3
detractors,1
litigants,1
parenthood,1
of”,1
vice,1
orrick's,3
rule,1
depth,1
2007,1
2004,2
time,1
having,1
hard-knuckle,1
