atmosphere,1
concept,1
riveted,1
office,1
numbers,1
when,3
over,2
both,1
reversing,1
produce,1
dealerships,1
through,1
committee,1
aides,1
argued,1
protecting,1
rest,1
gift,1
networks,1
fcc,3
seemed,1
blow,1
25,1
highest,2
just,1
majority,1
personal,4
effort,1
sale,1
obamacare,1
can’t,1
it’s,1
barack,1
to,24
only,2
belongs,1
location,1
under,1
2015,1
government,1
2016,1
decades,1
congressional,1
take,1
do,1
them,2
smartphone,1
return,1
goes,1
confidential,1
means,1
rules,2
digital,1
likely,1
republican-controlled,1
matters,1
we,1
they,4
not,3
using,2
raged,1
republican,3
must,1
like,2
cable,3
should,1
companies,4
establishing,1
communications,2
good,1
habits,1
election,1
activity,1
employees,1
rein,1
dealers,1
steal,1
administration,1
allies,1
prevent,1
charter,1
engendered,1
old,1
hypocrisy,1
people,1
senate,1
house,3
nobody,1
idea,1
sign,2
alleged,1
carry,1
namely,1
used,1
are,4
our,1
calling,1
man,1
what,2
perverse,1
network,8
for,10
federal,2
bidder,1
away,1
activities,1
practices,1
access,1
favor,1
protections,3
health,1
captured,1
party-line,1
internet,5
new,1
hold,1
ever,1
public,1
privilege,1
available,1
be,3
notice,1
million,1
led,1
security,1
business,1
dropped,1
sold,2
contain,1
free,1
its,1
tracks,1
protection,1
focused,1
undo,1
others,1
put,1
news,1
unrestrained,1
by,6
card,1
executives,1
social,1
on,7
about,2
property,1
last,1
would,1
of,18
leaves,1
atampt,1
allows,1
days,1
against,1
keep,1
credit,1
recently,1
hired,1
afternoon,1
browsing,1
action,1
luck,1
consumers,1
among,1
quietly,1
already,1
tough,1
fcc’s,1
simple,1
tuesday,1
powerful,1
requirement,1
private,2
one,1
because,1
endlessly,1
such,2
vote,2
financial,1
administrations,1
gleaned,1
soon,1
your,7
risk,1
there’s,1
has,1
shareholders,1
fee,1
from,5
service,2
privacy,5
monthly,1
capitalize,1
here,1
legislation,1
consumers’,1
at,2
insult,1
commission,3
call,2
comcast,1
hypothetical,1
intelligence,1
strike,1
here’s,1
white,1
injury,1
was,2
voted,2
selling,3
shopping,1
lot,1
verizon,1
that,15
attempted,1
company,1
republicans,1
circus,1
protect,1
but,3
telephone,2
wireless,1
phone,2
understand,1
russian,1
gladly,1
overturn,1
with,1
themselves,1
those,2
obama,1
me,1
colleagues,2
“reasonable,1
this,4
car,3
bill,5
hacking,1
value,2
will,3
while,1
protected,2
customers,2
can,1
attention,1
were,2
isn’t,1
problem,1
gives,1
similar,1
industry,1
history,1
and,16
americans,1
result,1
shoddy,1
trump,4
providers,3
is,8
allowed,1
it,2
an,2
as,3
his,1
vitally,1
something,1
have,1
in,9
my,1
himself,1
voice,1
apparently,1
their,1
if,1
sell,4
information,16
requirements,1
us,1
want,3
pay,2
make,1
belong,1
able,1
american,1
same,4
surveillance,1
also,1
other,2
potentially,1
chairman,1
which,3
online,3
you,6
many,2
play,1
week,1
all,1
extended,1
congress,1
again,1
any,1
who,3
problems,1
stay,1
most,2
diversion,1
important,1
measures”,1
significant,1
coming,1
device,1
president,2
repeal,1
data,1
approved,1
preferences,1
a,14
doesn’t,1
—,6
calamities,1
i,2
dream,1
3-2,1
280000,1
contact,1
add,1
fined,1
undertaken,1
the,59
democratic,2
consumer,4
having,1
fact,2
latest,1
