things,1
think,1
partial,1
help,2
just,1
don't,2
september,1
money,2
demand,2
midnight,1
country,1
roy,1
kellyanne,1
deadline,1
human,2
during,1
talks,1
exited,1
issues,1
make,1
25,1
group,1
campaign,1
had,2
late,2
to,17
willing,1
under,1
2017,1
bipartisan,3
pass,2
into,1
praised,1
evening,2
return,1
etc—,1
government,4
press,1
overall,1
pave,1
etc”,1
know,1
reporters,1
not,2
amp,1
now,2
him,1
trump”,1
prevail,1
approach,2
level,1
chuck,1
morning,2
facing,1
these,1
good,1
continue,1
steps,1
she,2
security,1
trump’s,2
prior,1
gop,1
said ,1
controversial,1
deal,1
people,1
senate,2
house,6
twitter,1
estimates,1
realdonaldtrump,1
past,1
donald,1
cost,1
year,1
sen,1
happen,1
calling,1
news,1
leaders,1
fails,1
said,4
funding,3
congress,1
for,8
away,1
contributed,1
comments,3
conservative,1
include,1
schumer,2
does,1
hill,1
new,1
order,1
issue,2
leader,2
told,1
be,5
we,1
working,1
announcement,1
timeline,1
friday,1
capitol,1
agencies,1
agreement,1
pressure,1
mexico,1
leadership,1
let,2
chances,1
represented,1
20,2
along,1
by,2
on,6
last,1
must-pass,1
ahead,1
of,8
could,1
changed,3
funded,2
days,1
likely,1
remains,2
range,1
assumed,1
i'm,1
“very,1
r-mo,1
key,1
there,1
opposition,1
welcomed,1
conway,1
wall,12
tuesday,2
d-calif,1
president’s,1
down,1
adding,1
shutdown,4
fake,2
table,1
reducing,1
pledge,1
you're,1
given,1
from,1
additional,1
would,3
spending,5
it's,1
trillion,1
two,1
been,2
next,1
priority,2
start,1
appears,1
trigger,1
way,1
he’s,1
white,4
meeting,2
tell,2
wrote ,1
wants,1
billion,2
that,18
drugs,2
some,1
pelosi,1
took,1
but,4
d-ny,1
“don't,1
construction,1
wake,1
basically,1
flexible,1
with,1
lawmakers,1
he,3
explicitly,1
has,1
 ,1
14,1
this,3
was,1
bill,5
insists,1
budget,1
will,4
impasse,1
can,2
year”,1
report,1
making,1
counselor,1
my,2
taking,1
wouldn't,1
at,1
and,8
dedicated,1
associated,1
trump,6
outstanding,1
process,1
wall”,1
is,2
j,1
measure,1
it,8
an,1
as,2
his,4
promised,1
have,4
in,9
need,1
border,5
any,1
negotiations,1
if,1
confirmed,1
end,2
built,2
april,1
media,3
began,1
get,2
negotiating,1
1,1
also,3
potentially,1
seeking,1
you,2
blunt,1
week,3
optimistic,1
minority,3
monday,3
stop,2
earlier,1
demanding,1
most,1
important,2
bicameral,1
significant,1
included,2
president,2
friends”,1
payment,1
recent,1
a,12
“welcomed,1
negotiators,1
off,1
largely,1
i,3
clear,2
later,1
anybody,1
having,1
edge,1
trafficking,2
nancy,1
pay,2
position,3
the,40
latest,1
“building,1
“fox,1
